<?xml version="1.0" encoding="UTF-8"?>
<!DOCTYPE mapper PUBLIC "-//mybatis.org//DTD Mapper 3.0//EN" "http://mybatis.org/dtd/mybatis-3-mapper.dtd">
<mapper namespace="com.campass.demo.dao.ProductDao">
	<!-- 카테고리 리스트 -->
	<select id="ReadCateList" parameterType="String"
		resultType="com.campass.demo.dto.ProductDto$ReadCategoryList">
		select
		pCode,
		pName,
		pMainImg,
		pPrice,
		pCateCode
		from product
		where pCatecode=#{pCateCode}
	</select>

	<!-- 용품 리스트 -->
	<select id="productList"
		resultType="com.campass.demo.dto.ProductDto$ForProductList">
		select
		pCode,
		pName,
		pMainImg,
		pPrice,
		pCateCode
		from product
		order by pName
	</select>

	<!-- 용품 개수 -->
	<select id="countProduct" resultType="int">
		select count(*) from
		product
	</select>

	<!-- 페이징 -->
	<select id="findAll"
		resultType="com.campass.demo.dto.ProductDto$ForProductList">
		select * from
		(
		select rownum as rnum, p.* from
		(select /*+
		index_desc(product product_pk_pCode) */ pCode, pMainImg, pName,
		pPrice, pCateCode from product
		order by pCode) p
		where rownum
		&lt;=#{end}
		)
		where rnum&gt;=#{start}
	</select>

	<!-- 상세페이지 읽기 -->
	<select id="productDetail"
		resultType="com.campass.demo.dto.ProductDto$PdtDetail">
		select pCode,
		pName,
		pMainImg,
		pContentImg,
		pBrand,
		pStarAvg,
		pPrice
		from product
		where pCode=#{pCode}
	</select>
	
	<!-- 용품 개수 -->
	<select id="countReview" resultType="int">
		select count(*) from pdtReview
	</select>

	<!-- 별점 평균 -->
	<select id="getStarAvg" resultType="double">
		select avg(pStar)
		from pdtReview
		where pCode=#{pCode}
	</select>
	
	<!-- 별점 평균 업데이트 -->
	<update id="updateStarAvg">
		update product set starAvg=#{starAvg} where pCode=#{pCode}
	</update>

	<resultMap type="int" id="reviewMap">
		<result column="pCode" property="pCode"></result>
	</resultMap>

	<resultMap
		type="com.campass.demo.dto.ProductDto$ReadReviewList"
		id="AddReviewMap">
		<result column="pReviewNo" property="previewNo" />
		<result column="pStar" property="pStar" />
		<result column="pReviewContent" property="pReviewContent" />
		<result column="username" property="username" />
		<result column="pReviewDate" property="pReviewDate" />
		<collection property="pCode" resultMap="reviewMap"></collection>
	</resultMap>

	<!-- 리뷰 목록페이지 가져오기 -->
	<select id="reviewList" resultMap="AddReviewMap">
		select r.previewNo, r.pStar, r.pReviewContent, r.username, r.pReviewDate,
		p.pCode from pdtReview r left outer join product p on r.pCode=p.pCode
		where p.pCode=#{pCode}
	</select>
</mapper>